{"cameraMode":{"drawMode":0,"name":"Shaded","section":"Shading Mode"},"sceneLighting":false,"audioPlay":false,"sceneViewState":{"m_AlwaysRefresh":false,"showFog":true,"showSkybox":false,"showFlares":true,"showImageEffects":true,"showParticleSystems":true,"showVisualEffectGraphs":true,"m_FxEnabled":true},"in2DMode":false,"pivot":{"x":0.059383392333984378,"y":1.4125721454620362,"z":0.049083709716796878},"rotation":{"x":0.2670522630214691,"y":0.669592559337616,"z":-0.28255441784858706,"w":0.6328580379486084},"size":50.28262710571289,"orthographic":false}