{"cameraMode":{"drawMode":0,"name":"Shaded","section":"Shading Mode"},"sceneLighting":false,"audioPlay":false,"sceneViewState":{"m_AlwaysRefresh":false,"showFog":true,"showSkybox":false,"showFlares":true,"showImageEffects":true,"showParticleSystems":true,"showVisualEffectGraphs":true,"m_FxEnabled":true},"in2DMode":false,"pivot":{"x":0.006549470126628876,"y":0.1905563920736313,"z":-0.014693103730678559},"rotation":{"x":0.22822420299053193,"y":0.6498973965644836,"z":-0.214149609208107,"w":0.6926071643829346},"size":5.4510698318481449,"orthographic":false}