{"cameraMode":{"drawMode":0,"name":"Shaded","section":"Shading Mode"},"sceneLighting":false,"audioPlay":false,"sceneViewState":{"m_AlwaysRefresh":false,"showFog":true,"showSkybox":false,"showFlares":true,"showImageEffects":true,"showParticleSystems":true,"showVisualEffectGraphs":true,"m_FxEnabled":true},"in2DMode":false,"pivot":{"x":-0.08079266548156738,"y":4.126176357269287,"z":-0.44625234603881838},"rotation":{"x":0.27590546011924746,"y":0.6880362629890442,"z":-0.32249435782432558,"w":0.5886425971984863},"size":23.490020751953126,"orthographic":false}